ID,Text,Label,Split
1,The way Nolan cleared that corner was actually pretty clean this episode.,Code 3: Tactical Analysis,Train
2,Can we talk about the Chenford scene by the food truck? I am screaming!,Code 14: Relationship Drama,Train
3,"Ugh, why is Bailey suddenly an expert at bomb defusal now? This is ridiculous.",Citizen Complaint: Low-Effort Rants,Train
4,The Bandit using a police scanner to outsmart Metro was a solid plot twist.,Code 3: Tactical Analysis,Train
5,Tim looking at Lucy like she's the only person in the room... my heart!,Code 14: Relationship Drama,Train
6,This show has become so unrealistic compared to season 1. Sad.,Citizen Complaint: Low-Effort Rants,Train
7,Why didn't they set up a perimeter at the back entrance of the warehouse?,Code 3: Tactical Analysis,Train
8,Are Angela and Wesley ever going to just have a normal week without drama?,Code 14: Relationship Drama,Train
9,Smitty is literally the only relatable character left on this entire show.,Citizen Complaint: Low-Effort Rants,Train
10,The tactical shield deployment during the alley shootout was super realistic.,Code 3: Tactical Analysis,Train
11,If Lucy and Tim break up again I am officially dropping this show.,Code 14: Relationship Drama,Train
12,Am I the only one who skips all the Celina aura and astrology scenes?,Citizen Complaint: Low-Effort Rants,Train
13,"Harper noticed the tire tracks before anyone else, she's the best detective.",Code 3: Tactical Analysis,Train
14,Grey and his wife are honestly the ultimate relationship goals of the series.,Code 14: Relationship Drama,Train
15,Another filler episode where nothing happens to advance the main plot line.,Citizen Complaint: Low-Effort Rants,Train
16,The Bandit's breakdown of the security system layout was actually clever.,Code 3: Tactical Analysis,Train
17,"I need 100% more Chenford content next week, this episode was too short.",Code 14: Relationship Drama,Train
18,"The writing has gotten so lazy, they just reuse the same tropes every week.",Citizen Complaint: Low-Effort Rants,Train
19,Why did Aaron leave his position? He left his partner completely exposed.,Code 3: Tactical Analysis,Train
20,The awkward tension between those two in the briefing room was hilarious.,Code 14: Relationship Drama,Train
21,"This villain is so boring, bring back Elijah or someone actually menacing.",Citizen Complaint: Low-Effort Rants,Train
22,Nolan tracking the cellular signal bounce was a smart way to find the hideout.,Code 3: Tactical Analysis,Train
23,Seeing Tim protect Lucy during the blast made me melt completely.,Code 14: Relationship Drama,Train
24,"Every single character is a superhero now, nobody ever fails a mission.",Citizen Complaint: Low-Effort Rants,Train
25,They should have called for backup the second they spotted the stolen cruiser.,Code 3: Tactical Analysis,Train
26,"Tamara needs more screen time, her dynamic with Lucy is so wholesome.",Code 14: Relationship Drama,Train
27,"This show is so cringe now, I miss when it was just basic patrol work.",Citizen Complaint: Low-Effort Rants,Train
28,Using a spike strip on a crowded highway seems like a major safety violation.,Code 3: Tactical Analysis,Train
29,Are we going to pretend that double date wasn't the most awkward thing ever?,Code 14: Relationship Drama,Train
30,I can't stand how perfect Bailey is at literally everything she tries.,Citizen Complaint: Low-Effort Rants,Train
31,The hostage negotiation sequence kept me on the edge of my seat.,Code 3: Tactical Analysis,Train
32,That final conversation between Tim and Lucy felt so honest and real.,Code 14: Relationship Drama,Train
33,"Worst episode of the season by far, absolute trash tier writing.",Citizen Complaint: Low-Effort Rants,Train
34,Smart move by Grey to split the rookies up to cover both exit points.,Code 3: Tactical Analysis,Train
35,"The slow burn for this couple is taking way too long, just let them be happy.",Code 14: Relationship Drama,Train
36,Why does everyone on Reddit do nothing but complain about this show?,Citizen Complaint: Low-Effort Rants,Train
37,The ballistics report didn't match the weapon found at the crime scene.,Code 3: Tactical Analysis,Train
38,Wesley standing up for Angela like that was everything. Best husband.,Code 14: Relationship Drama,Train
39,I am so tired of the same old storylines repeating every single season.,Citizen Complaint: Low-Effort Rants,Train
40,Dumping the tracking device in the garbage truck was a smart move by the suspect.,Code 3: Tactical Analysis,Train
41,Can they please stop teasing us and just give us a proper Chenford wedding?,Code 14: Relationship Drama,Train
42,"This episode was literally unwatchable, the dialogue felt so forced.",Citizen Complaint: Low-Effort Rants,Train
43,They used standard active shooter protocols when entering the main lobby.,Code 3: Tactical Analysis,Train
44,"The chemistry between Nyla and James is so underrated, I love them.",Code 14: Relationship Drama,Train
45,"Another week, another episode where Bailey saves the entire day. Shocker.",Citizen Complaint: Low-Effort Rants,Train
46,The pit maneuver on the SUV was executed flawlessly by the interceptor unit.,Code 3: Tactical Analysis,Train
47,The way Lucy worries about Tim shows how deep her feelings still are.,Code 14: Relationship Drama,Train
48,Am I the only one who feels like the show has lost its original magic?,Citizen Complaint: Low-Effort Rants,Train
49,Excellent use of the drone to scout the perimeter before the tactical breach.,Code 3: Tactical Analysis,Train
50,That hug at the end healed a part of my soul that I didn't know was broken.,Code 14: Relationship Drama,Train
51,The comedy bits in this episode fell completely flat for me.,Citizen Complaint: Low-Effort Rants,Train
52,Nolan realized the ambush pattern because of his training with Harper.,Code 3: Tactical Analysis,Train
53,They are endgame and nobody can convince me otherwise. Chenford forever.,Code 14: Relationship Drama,Train
54,Why is the CGI for the explosions looking worse and worse every season?,Citizen Complaint: Low-Effort Rants,Train
55,The sniper angle from the roof wouldn't work because of the tree line obstruction.,Code 3: Tactical Analysis,Train
56,Seeing them co-parenting so well warms my heart every single time.,Code 14: Relationship Drama,Train
57,"This show used to be about rookies, now it's just a generic action movie.",Citizen Complaint: Low-Effort Rants,Train
58,Securing the evidence bag immediately prevents chain of custody issues later.,Code 3: Tactical Analysis,Train
59,The romantic tension in the elevator scene was absolutely off the charts.,Code 14: Relationship Drama,Train
60,"Honestly, I'm just watching for Smitty at this point, he carries the show.",Citizen Complaint: Low-Effort Rants,Train
61,The radio static was a clever hint that the suspect was using a jammer.,Code 3: Tactical Analysis,Train
62,I love how protective Wesley gets whenever Angela is working a dangerous case.,Code 14: Relationship Drama,Train
63,The plot holes in this episode were big enough to drive a tank through.,Citizen Complaint: Low-Effort Rants,Train
64,Standard procedure requires checking the trunk for victims during a traffic stop.,Code 3: Tactical Analysis,Train
65,Can we talk about that parallel to the season 2 episode? Brilliant writing!,Code 14: Relationship Drama,Train
66,"This subreddit is so toxic, can't we just enjoy the fun show for once?",Citizen Complaint: Low-Effort Rants,Train
67,The Bandit's psychological profile matches a classic disorganized offender.,Code 3: Tactical Analysis,Train
68,Their communication skills as a couple have improved so much this year.,Code 14: Relationship Drama,Train
69,I hate how they completely abandoned the storyline from last week's cliffhanger.,Citizen Complaint: Low-Effort Rants,Train
70,Flanking the suspect from the western alleyway cut off his only escape route.,Code 3: Tactical Analysis,Train
71,The micro-expressions during that apology scene deserve an Emmy award.,Code 14: Relationship Drama,Train
72,Bailey being a master martial artist and a chef now is just a joke.,Citizen Complaint: Low-Effort Rants,Train
73,The response time for Metro was surprisingly accurate to real-world timelines.,Code 3: Tactical Analysis,Train
74,My favorite part of the entire episode was just seeing them smile together.,Code 14: Relationship Drama,Train
75,"The pacing was completely messed up, everything felt rushed at the end.",Citizen Complaint: Low-Effort Rants,Train
76,Checking the weapon's registration number cleared the initial suspect quickly.,Code 3: Tactical Analysis,Train
77,"They are literally the definition of soulmates, I cannot handle it.",Code 14: Relationship Drama,Train
78,Is it just me or does Celina get more annoying with every single episode?,Citizen Complaint: Low-Effort Rants,Train
79,The tactical breach failed because they didn't flashbang the room first.,Code 3: Tactical Analysis,Train
80,The way he holds her hand when she's stressed is the sweetest thing ever.,Code 14: Relationship Drama,Train
81,This whole episode felt like it was written by an AI generator chatbot.,Citizen Complaint: Low-Effort Rants,Train
82,Nolan tracking the bootprints in the mud showed great attention to detail.,Code 3: Tactical Analysis,Train
83,I can't wait to see how their relationship handles this new promotion challenge.,Code 14: Relationship Drama,Train
84,The show needs to get rid of the goofy subplots and focus on real crimes.,Citizen Complaint: Low-Effort Rants,Train
85,Cross-referencing the burner phone logs exposed the insider leak at the station.,Code 3: Tactical Analysis,Train
86,"The breakup rumors were completely false thank goodness, they are solid.",Code 14: Relationship Drama,Train
87,Why does Nolan always get the most boring storylines in his own show?,Citizen Complaint: Low-Effort Rants,Train
88,They properly set up a containment zone around the block within five minutes.,Code 3: Tactical Analysis,Train
89,"The forehead kiss was the highlight of my entire week, no exaggeration.",Code 14: Relationship Drama,Train
90,Another predictable ending where everything gets resolved perfectly in 40 mins.,Citizen Complaint: Low-Effort Rants,Train
91,"The suspect's weapon jammed because of a poor maintenance cycle, lucky break.",Code 3: Tactical Analysis,Train
92,I love that they can tease each other like best friends but love like partners.,Code 14: Relationship Drama,Train
93,The writing team clearly has no idea how actual police work operates anymore.,Citizen Complaint: Low-Effort Rants,Train
94,Using thermal imaging from the helicopter pinpointed the suspect in the brush.,Code 3: Tactical Analysis,Train
95,"The jealousy angle was handled so maturely, no unnecessary shouting matches.",Code 14: Relationship Drama,Train
96,The main villain's monologue at the end was pure cringe-worthy material.,Citizen Complaint: Low-Effort Rants,Train
97,The ambush at the train yard was completely preventable if they checked the feeds.,Code 3: Tactical Analysis,Train
98,Every scene with them makes me believe in true love all over again.,Code 14: Relationship Drama,Train
99,Can we please talk about how useless the secondary plot line was tonight?,Citizen Complaint: Low-Effort Rants,Train
100,The detective team matched the fingerprint from the safe to the old files.,Code 3: Tactical Analysis,Train
101,The chemistry between the two leads keeps this entire show afloat weekly.,Code 14: Relationship Drama,Train
102,I am so tired of the writers making Bailey a literal god at everything.,Citizen Complaint: Low-Effort Rants,Train
103,The undercover assignment required a complete wipe of her social media history.,Code 3: Tactical Analysis,Train
104,"The wedding planning stress is relatable, glad they worked it out together.",Code 14: Relationship Drama,Train
105,This show has completely lost its identity since moving away from rookies.,Citizen Complaint: Low-Effort Rants,Train
106,The technical breakdown of the bank vault security was surprisingly accurate.,Code 3: Tactical Analysis,Train
107,The look of relief on his face when she walked through the door said it all.,Code 14: Relationship Drama,Train
108,The joke segments with Smitty are getting repetitive and lazy now.,Citizen Complaint: Low-Effort Rants,Train
109,They followed proper Miranda warning protocols during the high-profile arrest.,Code 3: Tactical Analysis,Train
110,They deserve all the happiness in the world after everything they went through.,Code 14: Relationship Drama,Train
111,"This storyline makes absolutely zero sense, who approved this script?",Citizen Complaint: Low-Effort Rants,Train
112,The bullet trajectory analysis confirmed there was a second shooter involved.,Code 3: Tactical Analysis,Train
113,I am completely obsessed with how supportive they are of each other's careers.,Code 14: Relationship Drama,Train
114,Can we just get one episode without a massive world-ending conspiracy plot?,Citizen Complaint: Low-Effort Rants,Train
115,Isolating the virus source on the network prevented a complete system lockout.,Code 3: Tactical Analysis,Train
116,The domestic bliss scenes at the start of the episode were so comforting.,Code 14: Relationship Drama,Train
117,The guest star's acting was completely wooden and ruined the emotional scenes.,Citizen Complaint: Low-Effort Rants,Train
118,The tactical team utilized K9 units effectively to track the scent trail.,Code 3: Tactical Analysis,Train
119,The unspoken understanding between them during the interrogation was beautiful.,Code 14: Relationship Drama,Train
120,I miss when the show focused on street-level crimes instead of cartels.,Citizen Complaint: Low-Effort Rants,Train
121,The defense attorney found a procedural error that voided the search warrant.,Code 3: Tactical Analysis,Train
122,They are the only reason I still tune in every single Tuesday night.,Code 14: Relationship Drama,Train
123,The special effects for the car crash looked straight out of a video game.,Citizen Complaint: Low-Effort Rants,Train
124,The security footage timestamp was altered to create a fake alibi for him.,Code 3: Tactical Analysis,Train
125,The emotional payoff of that final scene was worth all the weeks of waiting.,Code 14: Relationship Drama,Train
126,Why do they keep shoving Celina's superpower intuition down our throats?,Citizen Complaint: Low-Effort Rants,Train
127,The ballistic vest saved his life because the round hit center mass perfectly.,Code 3: Tactical Analysis,Train
128,The small touches and glances prove that their bond is completely unbreakable.,Code 14: Relationship Drama,Train
129,The dialog felt like it was written for teenagers rather than adults.,Citizen Complaint: Low-Effort Rants,Train
130,Deploying the spike strips safely required halting civilian traffic flow first.,Code 3: Tactical Analysis,Train
131,Their love story is the best thing Cartoon Network or ABC has ever produced.,Code 14: Relationship Drama,Train
132,"This entire episode was a massive waste of time, nothing changed at all.",Citizen Complaint: Low-Effort Rants,Train
133,The hacker used a brute force attack on the station's secondary database.,Code 3: Tactical Analysis,Train
134,I love how they respect each other's boundaries while staying deeply connected.,Code 14: Relationship Drama,Train
135,The showrunner needs to realize that the audience is tired of these stunts.,Citizen Complaint: Low-Effort Rants,Train
136,Identifying the unique tread pattern tied the suspect directly to the park.,Code 3: Tactical Analysis,Train
137,The relationship progression feels natural and earned over multiple seasons.,Code 14: Relationship Drama,Train
138,Am I the only one who thinks the show is leaning way too hard into comedy?,Citizen Complaint: Low-Effort Rants,Train
139,The precinct lockdown followed standard emergency containment operating plans.,Code 3: Tactical Analysis,Train
140,The mutual trust they share makes them the gold standard of TV couples.,Code 14: Relationship Drama,Train
141,The sniper should have taken the shot before the suspect reached the vehicle.,Code 3: Tactical Analysis,Validation
142,"Every time they share a scene, the chemistry is completely undeniable.",Code 14: Relationship Drama,Validation
143,"Bailey being a lieutenant, paramedic, capoeira master is just pure nonsense.",Citizen Complaint: Low-Effort Rants,Validation
144,The digital forensics team recovered the deleted files from the cloud backup.,Code 3: Tactical Analysis,Validation
145,I literally cried when they finally said 'I love you' in the hospital room.,Code 14: Relationship Drama,Validation
146,"The writing has completely gone down the drain, I might stop watching soon.",Citizen Complaint: Low-Effort Rants,Validation
147,Failing to check the blind spot during the breach was a fatal tactical error.,Code 3: Tactical Analysis,Validation
148,The domestic scenes with the baby are honestly the highlight of the episode.,Code 14: Relationship Drama,Validation
149,Can we get a single episode focused on police work instead of relationship drama?,Citizen Complaint: Low-Effort Rants,Validation
150,The hostage situation was handled with textbook precision by Sergeant Grey.,Code 3: Tactical Analysis,Validation
151,"They are the ultimate power couple, nobody can ever change my mind on that.",Code 14: Relationship Drama,Validation
152,"This show is so cartoonish now, it feels completely detached from reality.",Citizen Complaint: Low-Effort Rants,Validation
153,Analyzing the chemical composition of the residue pointed to a local lab.,Code 3: Tactical Analysis,Validation
154,The way he supports her ambitions without jealousy is beautiful to watch.,Code 14: Relationship Drama,Validation
155,Why does Celina always get away with breaking actual police department rules?,Citizen Complaint: Low-Effort Rants,Validation
156,The suspect used a diversionary smoke bomb to escape into the subway lines.,Code 3: Tactical Analysis,Validation
157,The small domestic moments are what make this show worth watching for me.,Code 14: Relationship Drama,Validation
158,The main villain's motivation was so weak and completely unconvincing tonight.,Citizen Complaint: Low-Effort Rants,Validation
159,Tracing the financial transactions revealed the corporate money laundering scheme.,Code 3: Tactical Analysis,Validation
160,Their eye contact alone speaks volumes about how much they care for each other.,Code 14: Relationship Drama,Validation
161,Another episode where Smitty is used as cheap comic relief. Getting tired of it.,Citizen Complaint: Low-Effort Rants,Validation
162,The undercover operation was compromised because of a leaked radio transmission.,Code 3: Tactical Analysis,Validation
163,I love how they handle conflicts with open communication and maturity.,Code 14: Relationship Drama,Validation
164,"The plot resolution was way too convenient, everything just clicked instantly.",Citizen Complaint: Low-Effort Rants,Validation
165,Setting up the roadblock on the bridge completely trapped the getaway driver.,Code 3: Tactical Analysis,Validation
166,The romantic tension between them is keeping the entire fandom alive right now.,Code 14: Relationship Drama,Validation
167,"The pacing of this season is awful, feels like nothing major is happening.",Citizen Complaint: Low-Effort Rants,Validation
168,The ballistics match proved the weapon was used in three separate cold cases.,Code 3: Tactical Analysis,Validation
169,The way she held his hand during the tough announcement was so touching.,Code 14: Relationship Drama,Validation
170,I am so sick of the writers recycling the same old relationship drama tropes.,Citizen Complaint: Low-Effort Rants,Validation
171,The suspect's weapon footprint was a direct match for a standard issue 9mm.,Code 3: Tactical Analysis,Test
172,"If they break up Chenford I am tracking down the writers myself, no joke.",Code 14: Relationship Drama,Test
173,Why is every single case an international threat now? Bring back regular crime.,Citizen Complaint: Low-Effort Rants,Test
174,The drone recon gave the team a perfect layout of the enemy compound gates.,Code 3: Tactical Analysis,Test
175,"That kitchen scene was everything, their banter is unmatched in television.",Code 14: Relationship Drama,Test
176,Bailey showing up to save Nolan yet again... can we please get a new routine?,Citizen Complaint: Low-Effort Rants,Test
177,The radio protocol used during the pursuit was fully accurate to LAPD guidelines.,Code 3: Tactical Analysis,Test
178,The way he protects her makes my heart melt into a puddle every single week.,Code 14: Relationship Drama,Test
179,Celina's psychic dreams guiding an investigation is a complete insult to cops.,Citizen Complaint: Low-Effort Rants,Test
180,The tactical team effectively pinwheeled the corner to secure the deep room.,Code 3: Tactical Analysis,Test
181,"They are the definition of soulmates, look at how they look at each other!",Code 14: Relationship Drama,Test
182,This show has turned into a bad soap opera with occasional police cars.,Citizen Complaint: Low-Effort Rants,Test
183,The print extracted from the steering wheel verified the true driver's identity.,Code 3: Tactical Analysis,Test
184,The confession of love at the very end was completely worth the two year wait.,Code 14: Relationship Drama,Test
185,The villain's master plan was completely stupid and made absolutely zero sense.,Citizen Complaint: Low-Effort Rants,Test
186,Nolan recognized the gang tag on the wall which pointed them to the warehouse.,Code 3: Tactical Analysis,Test
187,I love that they can work together professionally and still go home as partners.,Code 14: Relationship Drama,Test
188,"Honestly, this season is a massive downgrade from the brilliance of season 4.",Citizen Complaint: Low-Effort Rants,Test
189,Using a flashbang before entering the container minimized the threat instantly.,Code 3: Tactical Analysis,Test
190,The hug they shared after the shootout was full of genuine relief and love.,Code 14: Relationship Drama,Test
191,"The dialogue is so cheesy now, feels like it was written by a toddler.",Citizen Complaint: Low-Effort Rants,Test
192,The bullet casing layout suggested the shooter fired from an elevated platform.,Code 3: Tactical Analysis,Test
193,"They are the best couple on TV right now, their emotional bond is just unmatched.",Code 14: Relationship Drama,Test
194,Can the writers stop making every female lead an absolute flawless superhero?,Citizen Complaint: Low-Effort Rants,Test
195,Checking the traffic cams verified the vehicle crossed county lines at midnight.,Code 3: Tactical Analysis,Test
196,"The kiss in the rain was a classic cinematic moment, absolutely flawless execution.",Code 14: Relationship Drama,Test
197,"I am so bored of the Elijah Stone storyline, please give us someone new.",Citizen Complaint: Low-Effort Rants,Test
198,The squad split into high-low configuration to clear the narrow stairwell safely.,Code 3: Tactical Analysis,Test
199,Their unwavering support for each other is what true love is supposed to be.,Code 14: Relationship Drama,Test
200,"This show is so unrealistic now, it's basically a live-action cartoon series.",Citizen Complaint: Low-Effort Rants,Test